nom du projet;genre;nombres de jour tourn‚s;Ann‚e;Dates D‚but tournage;Dates Fin tournage;lieux;production
Revolucion;CME;2;2014;11/01/2016;12/01/2016;Boulevard du Jeu de Paume;Artfix
Ozo;CME;1;2014;;14/01/2016;Parc Zoologique Lunaret;Esbama
Craks pel Mon;Emission TV;2;2014;15/01/2016;16/01/2016;Com‚die, Rues de la Loge, de l'ancien courrier, Jacques d'Aragon, Arc de Triomphe, Peyrou, Antigonne et Facult‚ de M‚decine.;IB3 Production
Reportage sur la Monnaie … Montpellier;Reportage TV;2;2014;09/01/2016;14/01/2016;Rues de la Monnaie, devant Eglise Saint-Denis, Arrˆt de tram Du Guesclin.;ACFA Multim‚dia
Hybris;CME;3;2014;16/12/2013;27/01/2016;Zoo + serre amazonienne;Artfx
First International Symposiom on cancer in person with intellectuel disability;Doc institutionnel;3;2014;05/02/2016;07/02/2016;Salle des rencontres HDV;Produit par l'association
Urban Dog Vision;PUB;1;2014;13/02/2016;ou 14/2;Rive du Lez et rues adjacentes+ HDV (hall+ parvis);Catherine Puyssegur
1 journ‚e au Zoo;Documentaire;3;2014;12/02/2016;27/02/2016;Parc Zoologique Lunaret;
Cash Trip;CME;1;2014;02/02/2016;;Rue de la m‚diterran‚e, Place J. JaurŠs;Studio M
Les carnets de Julie;Emission Tv;3;2014;10/02/2016;13/02/2016;Place de la Com‚die, Esplanade, H“tel de Magnol;3Šme ?il production
Aurora;CME;1;2014;10/03/2016;14/03/2016;Toit du Corum;Studio M
Ecole fran‡aise du tram;Pub institutionnelle;4;2014;10/03/2016;14/03/2016;Rue L‚on Blum, avenue du mondial, Bd pasteur, cours Gambetta, Place de la Com‚die, Rue Maguelone;Toscane Production
Prise de vues Cr‚dit Agricole;photographies;3;2014;18/03/2016;20/03/2016;Quartier PortMarianne, place de Phoc‚e;CAPA Pictures
La nouvelle Arche de No‰_Au c?ur du Zoo;Documentaire;2;2014;09/03/2016;10/03/2016;Parc Zoologique Lunaret;France television
The one that got away;Emission TV;3;2014;24/03/2016;27/03/2016;Rue Ranchin, Georges Caf‚ rue de la Loge, Place de la Com‚die;TV Only
Campagne com Hiver 2014 Orchestra Pr‚maman baby 2000;shooting Photo;3;2014;26/03/2016;09/04/2016;Jardins du Peyrou,Place de la Canourgue;
sans titre;CME;2;2014;29/03/2016;30/03/2016;Rue de l'amandier;Lyc‚e Jean Monet
Internat Break;CM;3;2014;11/03/2016;25/04/2016;Zoo du Lunaret, Rives du Lez, Rond Point Pompignane,  Marches du Corum;Mathieu Cabannes
CimetiŠre St-Lazare_Tombeau d'Alain Cabanel;Documentaire;1;2014;11/03/2016;;VITC;Patrick Violet
Un diner presque parfait;Emission TV;3;2014;26/03/2016;28/03/2016;Place de la Com‚die, Cath‚drale ST Pierre, Arc de Triomphe, Place Royale du Peyrou, Quartier Antigone, Nouvelle Mairie, Tramway;Studio 89 Productions
Crimes et Botanique;;;2014;18/04/2016;;Rues Terral, EugŠne Lisbonne, Stanislas Digeon, Place du Petit Scel,Promenade du Peyrou;Eric Jollant
Longboard PE15;shooting Photo;1;2014;23/04/2016;;Serre Amazonienne;Norpr“tex
Land Rover Discovery;Catalogue;1;2014;08/04/2016;;Piscine Olympique Antigone;
A proppos de Montpellier;CM documentaire;3;2014;18/03/2016;01/04/2016;Espace M. L. King (bureau de vote);UPV
Court M‚trage ICEFPS;CME_USA;1;2014;03/04/2016;04/04/2016;Ancien H“tel de ville;Office du Tourrisme
ITEM;Emission TV;2;2014;01/04/2016;18/04/2016;Interview … la Panac‚e;
Com‚die Musicale;CME;3;2014;11/04/2016;13/04/2016;M‚diathŠque E. Zola , Place Dyonisos;lyc‚e Louis Feuillade
Dakota Dick;CM;1;2014;courrant avril;;Esplande Corum + 1 salle;TEASER
Fond Europ‚en;Documentaire;1;2014;18/04/2016;;La Panac‚e, ‚cole maternelle Florian;France 3
Susi;CME;1;2014;12/04/2016;;;
Le meilleur menu de France;Emission TV;1;2014;22/04/2016;;Terasse du Corum;TF1
Lenz;Film animation;1;2014;04/05/2016;;stade Philipides;SAME ART
City of the Future;Documentaire;2;2014;05/05/2016;10/05/2016;;Michel Chauvin
Campagne de sud de France;Pub TV;1;2014;04/06/2016;;rue de l'ancien Courrier;G‚rard Bouysse
Ricard;Pub TV;1;2014;13/06/2016;;Centre ville;RITA
WITT;CME (pub);1;2014;18/06/2016;;Esplanade Charles de Gaulle;ESCA sup
Tornage priv‚_HDV_Mariage;;1;2014;28/06/2016;;Parvis HDV;
L'addition SVP;Emission TV;3;2014;26/06/2016;04/07/2016;Place de la Canourgue;TF1 
Justice;CM;4;2014;02/07/2016;09/07/2016;Rues des bouissettes, du Pont de Laverune, Violet le Duc, arrˆt Sophie Germain;Arthur Verjux
Orchestra_Pr‚maman;shooting Photo;1;2014;18/07/2016;;Jardin derriŠre l' H“tel de ville;Orchestra Premaman
Sursis;MM;3;2014;11/08/2016;13/08/2016;Rues Yehudi Menuhin, Claude Serres, du Plan de l'Olivier, des ‚coles Pies,Salle P‚trarque;Melanie Dagnet
Belle Gueule;CM;1;2014;30/08/2016;;Rue Edmond Halley;B‚linda Leduc
L'essence Humaine;LME;2;2014;20/08/2016;21/08/2016;Rues de la Petite Loge, des cyclamŠdes, impasse de L'autan/;Sophie A‹domidis
Fou-rire;CM;1;2014;31/08/2016;;Rue de l'aiguillerie;Leo Attali
Bio 2.0;Documentaire;1;2014;16/09/2016;;;La compagnie des taxi Brousse
La nuit pƒle;CM fiction;1;2014;12/09/2016;;Salle Rabelais;Cie Nimbus
Sur ton Rythme;CM;2;2014;19/09/2016;21/09/2016;Promenade du Peyrou;JJAM Production
Dynayer;Emission TV;1;2014;28/09/2016;01/10/2016;;Office du Tourrisme
Clip UNSA;Clip vid‚o;1;2014;14/10/2016;;Place Tib‚riade;Organisation syndicale
Orchestra_Catalogue;shooting Photo;2;2014;01/10/2016;08/10/2016;Passerelles de Barons de Caravettes;Orchestra Premaman
Police, vie de flic;Documentaire;1;2014;03/10/2016;;Toits d'Antigone, Gare, Esplanade de l'Europe, Place de la Com‚die, Balcon Op‚ra Com‚die, March‚, ;Zodiak M‚dia
L'homme clown;CM;2;2014;04/10/2016;05/10/2016;;Art BorigŠnes Prod
Echapp‚es Belles H‚rault;Emission TV;2;2014;07/10/2016;08/10/2016;retour de plage en tram, Place de la com‚die, ruellescentre ville, halles Castelane, jardin des Plantes, port Mariane, Bassin Jacques C?ur, zoo, mus‚e;Bo travail Prod
La vraie vie du PŠre No‰l;Emission TV;3;2014;15/10/2016;21/11/2016;Centre ville, Odysseum;Good TV Prodution
French Collection;Emission TV;1;2014;19/10/2016;;Puces Mosson et dimanches brocantes Peyrou;Reef TV Production
Allez 2_charades costum‚es (MNV);CM;4;2014;19/10/2016;22/10/2016;H“tel de ville,M‚diathŠque Emile Zola, Halles Castellanes, Esplande, Com‚die,;Foot step Production
Saturday night take aways;Emission TV;1;2014;30/10/2016;;Montpellier centre, Mill‚naire, Antigone;ITV Studio France_ Lain‚ Thomas
Humanimaux;CME;1;2014;03/11/2016;17/11/2016;Zoo Lunaret;Supin focom_ Julien Deparis
48h Film Project Montpellier ;;;2014;;;;Marnie Production
Une vie de chien;CM;3;2014;06/12/2016;08/12/2016;Centre historique, Rues du Peyrou, du Fuguier, J.Jacques Rousseau, Palais des Guilhem, Delpech;Marion Denivan
Physiks;CME;1;2014;15/12/2016;16/12/2016;EAI;ARTFX
Meurtres … Collioure;Casting;1;2015;;;MPT;
Renaissance;webs‚rie;5;2015;20/01/2015;05/02/2016;lieux priv‚s;Thibaud Roth
Association union pour la promotion des talents, Accessibilit‚ aux handicap‚s;CME;5;2015;26/01/2016;30/01/2016;Place de la canourgues, place de la com‚die;julien catalano/clotilde/cl‚ment borrel
Court Metrage;CM-E;1;2015;;;Centra Rabelais couloir +toilettes;
coiffeurs;TV-E;4;2015;27/01/2015;30/01/2015;;banijayproductions
Making off;CM-E;2;2015;27/01/2015;28/01/2015;rue glaize, rue de la monnaie,rue du collŠge;
Clip Soprano;Clip-M;1;2015;27/01/2015;29/01/2015;Malbosc;HKCORP
Capitaine Marleau;LM_TV;8;2015;03/02/2015;21/02/2015;"Rues Foch (tribunal); EAI, Boulevard des arceaux, rue Saint- Louis, rue Paladine, La colombieres";Passion-films
France Inter;Radio-E;1;2015;04/02/2015;06/02/2015;Salle des rencontress de l'h“tel de ville;JC Perrin
Pr‚vention du tabagisme Cam‚ra cach‚e;TV-spot;4;2015;07/02/2015;03/03/2015;Odysseum, Centre historique;Brigade de Pr‚vention d‚linquance juv‚nile
Crazy Dates;TV-r‚alit‚;1,00;2015;10/02/2015;;stade Sabath‚;M‚dia TV
Speedy;Pub;1;2015;14/02/2015;;Concession Speedy, 42 rue Henri MarŠs;Big Productions
Mordred, saison 2: la r‚volte;webs‚rie;1;2015;14/02/2016;15/02/2016;Salle P‚trarque;
Immersion;CME;2;2015;16/02/2016;17/02/2016;H“tel de ville (bureau +salle adjacente);ARTFX
Open Space;Fiction Interactive;7;2015;15/02/2016;24/02/2016;Antigone, Centre Historique, H“pitaux_Facult‚s;Autrement dit Production
Les Jardins d'Aur‚ane;Spot pub;1;2015;27/02/2016;;Parc Montpellierain;Toscane Prod
Projet D;Documentaire;2;2015;27/02/2016;28/02/2016;Centre ville;D. Tejado_ Pernel M‚dia
Pragma_Sogeprom;Pub;1;2015;08/03/2016;;Rue du jeu de Mail_Beau s‚jour;Prado Production
Kino;CM;1;2015;;08/03/2016;Rue Lunaret;
Baccalaure‚at;CME;1;2015;15/03/2016;15/03/2016;Parc de Montmaur;Lyc‚e Notre Dame de Bel Air
Au Bonheur des Tram;CM;2;2015;14/03/2016;15/03/2016;Centres d'Art, Beaux Arts Montpellier, et autres;2
Cauchemar en cuisine;TV-E;1;2015;16/03/2015;20/03/2015;"Cath‚drale Saint Pierre; Arc de Triomphe; Place de la Com‚die; Op‚ra Com‚die; Tram ; acqueduc Saint Cl‚ment; plans de ville";Studio 89 Productions/M6
ExcŠs;CM-E;2;2015;20/03/2015;21/03/2015;Bois de Montmaur;Art FXX, Olivier Dobremel
Le casse du siŠcle;CM-E;1;2015;29/03/2015;;Pavillon populaire;Artfx, lucas Tebib
Cite Gagnant;TV-Mag;3;2015;02/04/2015;04/04/2015;"avenue du Mondial 98, 1401; Rue du Puech Radier,210; Rue Bernard de Treviers, 5; Avenue du Louisville, 524; Voie communale Grand Mail.";Guillaume Martin/Adamis Prod
Echappez-y;CME;1;2015;03/04/2015;07/04/02015;Rue de la Croix de Lavit;Art Fx, Olivier Dobremel
Projet ‚tudiant artfx;CME;1;2015;04/04/2015;;Rue Terral;Artfx, Nicolas Cevrero
Emy;CME;1;2015;04/04/2015;04/04/2015;Rue de la Loge;Art Fx, Olivier Dobremel
Reportage sur la Psychiatrie;TV-R;1;2015;06/04/2015;;Place de la Com‚die;Olivier Pjuelo
Renault Clio RS;Pub;1;2015;10/04/2015;;Rue du Terral;conti sud production
Ora;CME;1;2015;14/04/2015;;Rue du Bras de fer;Ecole Artfx, Sandrine Hauducoeur
coaching sportif; TV-R;;2015;15/04/2015;16/04/2016;Parc Montcalm, Bassin Jacques C?ur, bois de Montmaur, Parc M‚ric, Domaine de Grammont;TF1 Production
sans titre;CME;2;2015;17/04/2015;18/04/2015;bois de mont Maur;Thimot‚e Marsande
Dans les yeux;CM;12;2015;10/04/2015;22/04/2015;Place de l'Europe;Marnie Production/Unifrance
Fauntasia;Web doc;1;2015;23/04/2015;23/04/2015;Zoo de Lunaret;Manon DENEPOUX et Axel COHEN
7 jours et 7 nuits … Montpellier;TV-R‚alit‚;1;2015;24/04/2016;;Suivi d'un travailleur social_SAMU;Zodiak Media, F. Lacroix
Promesse de Feu;LM-TV (90mn x2);18;2015;27/04/2016;02/07/2016;"EAI, ""citadelle Joffre"", port Marianne, PrŠs d'ArŠne, Saint Lazare, Jeu de Paume, Ancien HDV, Esplanade CDG, Gare StRoch, Av Lepic, Rue du centre ville, Foch";ELOA Production
Lexus;Pub;1;2015;28/04/2015;28/04/2015;av du Raymond Dugrand;ant productions
on dirait le sud;CM  ;1;2015;13/05/2015;13/05/2015;quartier Antigone;cosmographe productions
S'abstenir;vid‚o clip;1;2015;19/05/2015;19/05/2015;escalier F‚d‚rico Fellini;association All-in
Tissu de mensonges;MM;1;2015;;15/06/2016;alexandre Cabanel;Fantasque
Renault utilitaire;Film Institutionnel;2;2015;30/05/2015;06/06/2015;Rue Andy Wahrol, rue du Mas Rouge, rue Recouly, rue de la Jasse de Maurin, rue lumumba ;conti sud production
Renault Clio;Pub;1;2015;02/06/2015;02/06/2015;rue Recouly, int‚rieur concession;conti sud production
l'incroyable Odyss‚e;web-s‚rie;1;2015;22/06/2015;22/06/2015;Parc de Font Colombe;Digital Monkey
Pub Mercedes;Pub;1;2015;02/07/2015;;Place de la R‚volution Fran‡aise;Hanne Evans
Des voix pour la Paix;Reportage ;1;2015;08/07/2016;09/07/1900;Esplande du Peyrou, Place Max Rouquette, Parvis G. Frˆche;Little Big Prod
Da will Hich Him;TV-E Allemande;1;2015;11/07/2015;;Centre ville;SR Ard Production
â Bretzel Chez Fels;Film institutionnel;3;2015;14/07/2016;17/01/2016;Place de la Com‚die, rue de la Loge, Place du nombre d'Or, Grand'rue Jean Moulin;O. Torrion
FORD Vignale;Pub;2;2015;27/08/2016;28/08/2016;Bassin Jacques C?ur;
AprŠs moi le bonheur;Casting ;2;2015;24/08/2015;25/08/2015;Salle Jacques d'Aragon;Capa Drama
Until the End;CM;1;2015;08/09/2016;08/09/2016;Op‚ra Com‚die;Filmmaker Digital
Euro Basquet;Tv-E Finlandaise;2;2015;08/09/2015;09/09/2015;Centre ville, Gare Saint-Roch, Arena (1jour);Fremantlemedia
Catalogue swimming;Shooting Photo;2;2015;08/09/2015;07/10/2015;Piscine Olympique Antigone;SARL AKOMP/ZEROD
 L'Ami;casting;1;2015;10/09/2015;10/09/2015;Maison pour tous Voltaire;AETERNAM films
Set & Match;Clip  (vid‚o Hip Hop);1;2015;15/09/2015;15/09/2015;Parking Saint Roch;
B‚b‚s Vol‚s;LM-TV;2;2015;17/09/2016;22/09/2016;Centre ville, Renouvier, Place Martyrs de la R‚sistance, rue Foch, Peyrou, Rue Petite Loge, Embouquet d'or, des pins;Capa Drama
Bad Cass;S‚rie;3;2015;26/09/2015;03/10/2015;Rue de Rodhes;
Piscine Olympique d'Antigone;Clip vid‚o (Trailer_CM_POA);2;2015;30/09/2015;04/10/2015;Piscine Antigone Montpellier (ext‚rieur);
Honor 7;Pub;2;2015;01/10/2015;02/10/2015;EAI;Satellite multim‚dia
Histoire de Montpellier;Shooting photo;3;2015;04/10/2015;06/10/2016;Op‚ra Com‚die, m‚diathŠque Emile Zola, Odysseum place de la r‚volution;
S‚curit‚ routiŠre;Clip vid‚opromotionnel;1;2015;08/10/2015;;Altrad Stadium;MHR-club
48 hours film project;CM concours;3;2015;09/10/2015;11/10/2015;Tout le territoire;Marnie Production
Photographies CimetiŠre Saint Lazare;Shooting Photo;1;2015;07/11/2016;;CimetiŠre Saint-Lazare;
Photoshooting M‚diathŠque Emile Zola;Shooting Photo;1;2015;10/10/2016;10/10/2016;M‚diathŠque Emile Zola;
 French collection: s‚rie 3;TV-E;1;2015;18/10/2015;;Peyrou march‚ de la brocante;Reef Television
Scooter;Pub;2;2015;20/10/2016;21/10/2016;Citadelle Joffre, Rue Foch, Les quartiers Antigone et Richter;"Band Original . Com ""Loic Parent"""
D'oc Show; TV Web-E;1;2015;24/10/2015;;Esplanade Charles de Gaulle;St‚phane Valentin
Et les violons ne chanteront pas;CM;1;2015;25/10/2016;;Jardin des plantes;
Catalogue les Gazelles;Shooting Photo;1;2015;26/10/2015;;Enceinte du Hall de l'op‚ra com‚die;
Mapping Soci‚t‚ g‚n‚rale;Pub;1;2015;27/10/2015;;Parvis du Mus‚e Fabre;Superbien Production
Du satin blanc;LM ;5;2015;28/10/2015;15/11/2015;Rues Centre historique, Parvis Rockstore, Place de la Canourgue, Place de la Com‚die, Jardin des plantes;Gloria Rodenas
Esp‚rer;Documentaire;2;2015;06/11/2016;07/11/2016;Quartier Mosson_March‚;Multi m‚dia France Production (France TV)
Les spectateurs  (Artfix);CME;2;2015;12/11/2015;13/11/2015;Zone en b‚ton dans l'espace clos situ‚ … Grammont …  c“t‚ du cimetiŠre Saint Etienne;Gilbert Kiner
Outside (Artfix);;5;2015;27/11/2015;01/12/2015;Zone en b‚ton dans l'espace clos situ‚ … Grammont …  c“t‚ du cimetiŠre Saint Etienne;
Interview LCL 2015 DDR midi;Film Institutionnel de com. interne;2;2015;16/11/2015;17/11/2015;Rues proches de l'agence au 20 bd Victor Hugo;Agence Take Care
Candice Renoir;S‚rie;2;2015;21/11/2015;30/11/2015;Institut botanique, Marches du Corum;Boxeur 7
Destiny-Artfx;CME;1;2015;24/11/2016;;Entr‚e du bois rue Arthur Young;ARTFX
Soler & Becker (Lazare et Marchal);S‚rie (pilotes: 52mn x2);11;2015;10/12/2016;22/12/2016;Ancien Mess EAI, Parc Montcalm;DEMD (grpe LagardŠre)
Vid‚o Pavillon Populaire_Montpellier your City;CM;1;2015;12/12/2016;;Pavillon Populaire;Montpellier Your city
Je suis meilleure;CM-Web;2;2015;12/12/2016;13/12/2016;Rue Saint Firmin;Redlight
Truculent Photographie;Shooting Photo;1;2016;courant janvier;;Op‚ra Com‚die;
Prises de vues ‚tudiant Beaux-Arts;Shooting Photo;1;2016;06/01/2016;;Op‚ra Com‚die;
Lydia;Moyen M‚trage;3;2016;07/01/2016;09/01/2016;Quartier Antigone, bd des Arceaux, rue Foch, Peyrou;Marnie Production
Pneus GOODYEAR;Film institutionnel;3;2016;08/01/2016;11/01/2016;Quartiers Antigone, Mill‚naire, Port Marianne, pont Juv‚nal, rues Vendemiaire, Nivose, Vincent Auriol;Unit production manager
"""France d'art""";Tournage ‚tudiant;2;2016;12/01/2016;13/01/2016;Op‚ra Com‚die;ACFA Multim‚dia
"""M‚t‚o … la carte""";Reportage tv;1;2016;15/01/2016;15/01/2016;Arc de triomphe, quartier St Roch, Ecusson, Panac‚e;France 3
NCNC;Shooting Photo;2;2016;16/01/2016;17/01/2016;Quartier Celleneuve; L'atteline
Let's talk about good things;Tournage ‚tudiant;1;2016;18/01/2016;18/01/2016;Peyrou, Rives du Lez;ACFA Multim‚dia
Toute une histoire;Reportage tv;1;2016;18/01/2016;18/01/2016;H“tel de Ville, esplanade;R‚servoir prod
Make a move;Tournage ‚tudiant;4;2016;26/01/2016;29/01/2016;Corum, Arceaux, Peyrou;ACFA Multim‚dia
Laught At Me (Urban Andy);Clip Vid‚o;2;2016;29/01/2016;12/02/2016;Toit du Corum;
L'appel de la libert‚;Tournage ‚tudiant;1;2016;05/02/2016;05/02/2016;HDV;ACFA Multim‚dia
Atia Industrie;Film institutionnel;2;2016;06/02/2016;07/02/2016;Lieu priv‚;
Set&Match;Shooting Photo;1;2016;10/02/2016;;Th‚ƒtre Jean Vilar;
"""Enquˆtes de r‚gion""";Reportage tv;2;2016;11/02/2016;12/02/2016;Centre ville historique;France t‚l‚visions
Sans titre, pour le pavillon catalan … la biennale de Venise;Vid‚o d'artiste;2;2016;12/02/2016;13/02/2016;Parking St Roch;La Termita Films
Reportage coll‚giens;Shooting Photo;0,5;2016;17/02/2016;17/02/2016;H“tel de Ville;
Eux;Tournage ‚tudiant;1;2016;19/02/2016;;Peyrou;Studio M
Ford;Publicit‚;1;2016;20/02/2016;;Rues Mareschal, Baudin, Foch, Ste Croix, boulevard Henri XV;PIXIES.FILMS
Another Hero;Web-s‚rie;4;2016;22/02/2016;14/05/2016;Rue Vend‚miaire;
"Emission ""C'est notre sant‚""  (TMC) - interview";Reportage tv;0,5;2016;22/02/2016;22/02/2016;Parc Meric ou parc Cl‚menceau;Fr‚quence m‚dicale
"""Montpellier, capital(e) sant‚, head of health""";Web-reportage;0,5;2016;24/02/2016;24/02/2016;"La Panac‚e, exposition ""Anatomie de l'automate""";Altamira Films
"""La vie de l'animal"" (Master 1 MEEF, facult‚ d'‚ducation)";Tournage ‚tudiant;1;2016;26/02/2016;26/02/2016;Fourmilier de la serre amazonienne;Facult‚ d'‚ducation
"Visite de l'exposition ""Anatomie de l'automate""";Web-reportage;0,5;2016;26/02/2016;26/02/2016;La Panac‚e;Kaina TV
Fumier;Court M‚trage;1;2016;26/02/2016;;Domaine Font Colombe (Chƒteau Bon);Association Giallo Queens
Edito Mode;Shooting Photo;1;2016;28/02/2016;;Op‚ra Com‚die;
Franck Rabeyrolles;Clip Vid‚o;1;2016;29/02/2016;;Mus‚e Fabre, H“tel Sabatier d'Espeyran, Cath‚drale St Pierre;Luc Reder
Steve Robert feat. Mehdi Lee;Clip Vid‚o;1;2016;01/03/2016;01/03/2016;Op‚ra Com‚die;Steve Robert
CV Delphine Esperce;CV Visuel;1;2016;01/03/2016;;Parc du Peyrou;
R‚v‚ler la lumiŠre;Tournage ‚tudiant;1,5;2016;01/03/2016;31/03/2016;Serre Amazonienne;
Robe cocktail;Shooting Photo;1;2016;03/03/2016;;Op‚ra Com‚die;
Sans titre;Shooting Photo;0,5;2016;04/03/2016;04/03/2016;M‚diathŠque Emile Zola;Artfx
Cern‚ par le diable;Court M‚trage;5;2016;05/03/2016;30/06/2016;MPT Fr‚d‚ric Chopin, rue Castel Moton;
Rabelais;Tournage ‚tudiant;1;2016;10/03/2016;12/03/2016;Centre Rabelais;
Sans titre;Shooting Photo;2;2016;14/03/2016;15/03/2016;Parking du Corum;
Avant nos nuits;Documentaire;10;2016;14/03/2016;19/04/2016;CimetiŠre St Lazare, complexe fun‚raire SAEML-SFMA du domaine de Grammont;HEOLFILMS
Fresque de la palissade de chantier des halles Laissac;Web-reportage;5;2016;17/03/2016;21/03/2016;Place Laissac;Benoist Girard
Hidden Side;Tournage ‚tudiant;3;2016;19/03/2016;02/04/2016;Avenue des Moulins, Trottoirs du Tram, rue Elise Wiesel, chemin pi‚ton vers le bassin Jacques C?ur;
Les Aventuriers du DESEPRO;Web-s‚rie;1;2016;24/03/2016;;Alentours bassin HDV;
"Documentaire sur le cin‚-club Jean Vigo, ""Rabelais""";Tournage ‚tudiant;1;2016;24/03/2016;02/04/2016;Salle Rabelais;Caroline Delachanal
SARL Audit finance expert;Film institutionnel;1;2016;15/04/2016;15/04/2016;Op‚ra Com‚die;SARL Audit finance expert
Sous-Avenir;Court M‚trage;1;2016;16/04/2016;02/05/2016;Impasse du Merle Blanc, rue du Cannau;Bastien Charri‚
Le Bijoutier (Arte);Long m‚trage;2;2016;18/04/2016;19/04/2016;Nouveau Palais de Justice;Diaphana Films
Renault M‚gane;Publicit‚;8;2016;18/04/2016;29/04/2016;Port Marianne;Conti Sud Productions
UM III;Web-reportage;2;2016;20/04/2016;21/04/2016;Peyrou, Rives du Lez;
Corentine Le Mestre;Shooting Photo;1;2016;20/04/2016;20/04/2016;Serre Amazonienne;Esbama
Sans titre;Court M‚trage;2;2016;25/04/2016;26/04/2016;Quai du Verdanson;Association Six Sens
Mooc Botanique;Clip Vid‚o;1;2016;26/04/2016;;Serre Amazonienne;
Ladbrokes;Publicit‚;1;2016;03/05/2016;;"Rues Ste Anne, du Petit Jean, Collot, St C“me; Places de la Canourgue, Castellane et Jean JaurŠs";Prolounge
Candice Renoir;S‚rie TV;2;2016;03/05/2016;04/05/2016;Chƒteau de Grammont;Boxeur 7
Footbulle;Web-reportage;1;2016;13/05/2016;;Parvis Georges Frˆche;Montpellier Student Sport
Ad Vitam Ad Mortem;Court M‚trage;1;2016;14/05/2016;;Rue Georges M‚liŠs;SARL Spot Studio
Le monde nous appartient (Set&Match);Clip Vid‚o;1;2016;16/05/2016;;Op‚ra Com‚die;
Sans titre;Tournage ‚tudiant;1;2016;26/05/2016;02/06/2016;Piscine Amphitrite (St Jean de V‚das);ACFA Multi-m‚dia
Voyage du monde en Tramway;Reportage tv;5;2016;28/05/2016;02/06/2016;Tramway: Gare, Com‚die, Op‚ra, Albert 1er, Fac de M‚decine, Jardin des Plantes, Peyrou, Plan Cabannes  Observatoire, Eglises Ste Anne et St Roch, quartier Antigone, Rives du Lez, Port Marianne;TV Japonaise : Slow Hand INC
Publicit‚ Vredestein;Shooting Photo;1;2016;30/05/2016;;Quartier Ecusson, all‚es entre avenue du Mondial 98 et Giacometti, rues de Chio et Galata;
Palmashow;S‚rie TV;7;2016;01/06/2016;23/06/2016;H“tel Girard-Haguenot, gymnase Le Hetet, Le Rockstore, Pl. de la Canourgue, parvis St Pierre, CCI;Blagbuster Production
Alexandre Delofeu, l'historiador del futur (tv catalane);Documentaire ;1;2016;21/06/2016;21/06/2016;Place de la Com‚die, centre historique, Peyrou, place Jean JaurŠs;Visiona TV
Wake up Calls;Web-reportage;1;2016;05/07/2016;05/07/2016;Esplanade de l'Europe;DNA Pictures
Tour de France;Plateau TV direct;1;2016;13/07/2016;13/07/2016;Parc Charpak;NOS TV (Pays-Bas)
Ambulance;Moyen m‚trage;17;2016;21/07/2016;06/08/2016;Ruelles Ecusson;Collectif La carte blanche
Luna;Long M‚trage;35;2016;25/07/2016;09/09/2016;Malbosc, esplanade, alentours HDV, domaine de la Valette;EX NIHILO
Photos pour la campagne de pub du TGV;Shooting photo;1;2016;23/08/2016;23/08/2016;Mus‚e Fabre;Ingrid Deuss production
Association La Garriga pour les Journ‚es europ‚ennes du patrimoine;Shooting photo;1;2016;26/08/2016;26/08/2016;Tour des Pins, Arc de triomphe;La Garriga
"""Le vin en ‚bullition""";Documentaire;2;2016;29/08/2016;30/08/2016;Place du nombre d'or, place de Thessalie, Promenade du Peyrou ;Ecom‚dia
La danse de V‚nus;Tournage ‚tudiant;1;2016;29/08/2016;29/08/2016;Op‚ra Com‚die;Universit‚ Paul Valery
Les ƒmes s?urs ;Court M‚trage;2;2016;06/09/2016;07/09/2016;Pont Juvenal, Quai de SythŠres et place Aphrodite;
La vie sauvage;Court-m‚trage;2;2016;17/09/2016;;Zoo de Lunaret;
Maestrio;Clip Vid‚o;1;2016;18/09/2016;;Op‚ra Com‚die;Maestrio
Oc‚a Soft;Film institutionnel;2;2016;08/09/2016;09/09/2016;Peyrou, com‚die, Antigone;Burgundi prod
Les Cartes postales d'Aur‚lie;Web-reportage;3;2016;13/09/2016;15/09/2016;Centre historique;Exp‚dia
Tandem;S‚rie TV;53;2016;;;;
Cervin (collant de luxe);Shooting photo;1;2016;19/09/2016;;Op‚ra com‚die;
Ford Cmax;Publicit‚;4;2016;23/09/2016;28/09/2016;avenues Raymond Dugrand, Nina Simone, Places Ernest Granier et Pablo Picasso, Parcerelles Aphrodite et Ath‚na, rue Andy Warhol, Parcis ‚cole Chengdu, Lyc‚e Pierre Mendes France;Daniel Vives-Jenny
Un tramway nomm‚ start up;Film institutionnel;1;2016;22/09/2016;;Ligne 1;Gifting Studio
Candice Renoir;S‚rie TV;1;2016;23/09/2016;;Peyrou, rue Foch, Saint-Firmin et Astruc, place de la Canourgue;Boxeur 7
Ins‚mination artificielle du rhinoc‚ros blanc;Documentaire;1;2016;27/09/2016;;Zoo de Lunaret;BBC
D-Fault;Tournage ‚tudiant;1;2016;10/10/2016;;Domaine de Grammont, Saint-Anne;Artfx
Robin;Long m‚trage;1;2016;27/10/2016;;H“tel de Ville;Cineteve
Ascensseur pour l'espace;Tournage ‚tudiant;4;2016;18/10/2016;22/10/2016;EAI;Artfx
Renault Trucks;Publicit‚;1;2016;28/10/2016;;;Evimages
Centre de tri Demeter;Web-reportage;0,5;2016;28/10/2016;;Centre de tri demeter;Zoomez
Digital Campus Mon ‚cole;Tournage ‚tudiant;1;2016;28/10/2016;;Cap Om‚ga, Port Marianne;Galil‚o Global Education
48h chrono de Toulouse;Court M‚trage;2;2016;19/11/2016;20/11/2016;;Sound life production
Le roi du silence;Tournage ‚tudiant;1;2016;25/11/2016;;Jardin de la Reine;Artfx
Envoie du lourd;Clip Vid‚o;1;2016;27/11/2016;;Terrain de basket rue Henri Rosseau;Agence teaser
Lychen;Court M‚trage;2;2016;29/11/2016;30/11/2016;H“tel de Ville;Calypso production
Miss France;Reportage tv;3;2016;03/12/2016;06/12/2016;Centre historique;Endemol
Association bucco-dentaire;Reportage tv;1;2016;09/12/2016;12/12/2016;‚coles;Endemol
T‚l‚matin;Reportage tv;1;2016;14/12/2016;;Tramway;Smoov
Sol y sombra;Court M‚trage;5;2016;19/12/2016;30/12/2016;Quartie Antigone;Pages et images
enquetes de r‚gions;reportage TV;1;2017;11/01/2017;11/01/2017;Fac de m‚decine;Fr 3 occitanie
brin de forˆt ;tournage ‚tudiant;1;2017;15/01/2017;15/01/2017;Serre Amazonienne;universit‚ Mtp et Agro Paris Tech
V?ux du Maire ;film institutionnel;1;2017;15/01/2017;15/01/2017;CV;Flipart
CNFPT;film institutionnel;3;2017;16/01/2017;18/01/2017;Antigone;Marnie Production
l'addition SVP;TV r‚alit‚;1;2017;19/01/2017;19/01/2017;quai Av. du Pir‚e;TF1 Production
wake up calls vid‚o you tube David Laroche;web reportage;1;2017;19/01/2017;19/01/2017;Esplanade Charles De Gaulle;Soci‚t‚ de production Audiovisuelle
l'hypoth‚se de la reine rouge;court-m‚trage;5;2017;16/01/2017;20/01/2017;Fac de m‚decine;M‚tronomic
Candice Renoir;s‚rie TV;1;2017;25/01/2017;25/01/2017;parking Max Rouquette Arceaux;Boxeur 7
Lui Dire;court-m‚trage;1;2017;10/02/2017;10/02/2017;complexe Fun‚raires;DACCORD FILMS
sans titre  Th‚matique du CYCLOPE;tournage ‚tudiant;1;2017;28/01/2017;28/01/2017;Av des Moulins;Lyc‚e Louis Feuillade
parc zoologique;tournage ‚tudiant;1;2017;23/02/2017;23/02/2017;zoo;Acfa-Multim‚dia
R‚v‚lations;reportage TV;1;2017;26/02/2017;26/02/2017;centre historique;ligne de front
Lavomatic;tournage ‚tudiant;1;2017;26/02/2017;26/02/2017;quartie Jules Guesde;Lyc‚e Jean Monnet
EKYNO;film institutionnel;;2017;15/02/2017;20/03/2017;piscine Olympique/mosson stade Philipides;Digital Filmmaker
chroniques M‚dit‚rran‚ennes;reportage TV;4;2017;27/02/2017;02/03/2017;CV;France TV
USKY (rappeur);clip vid‚o;1;2017;28/02/2017;01/03/2017;CV;RV EVENT
instant T;tournage ‚tudiant;1;2017;03/03/2017;03/03/2017;parc M‚ric;Lyc‚e Jean Monnet
POPSY;tournage ‚tudiant;2;2017;11/03/2017;12/03/2017;Av St Maur;Acfa-Multim‚dia
SOULAGES;documentaire;1;2017;15/03/2017;15/03/2017;Mus‚e Fabre;les films d'ici
Renault;publicit‚;2;2017;21/03/2017;22/03/2017; Mill‚naire/CV/Grammont;Contisud Production
L'amour de Ph‚dre;CM/Tropisme;2;2017;25/03/2017;27/03/2017;Mus‚e Fabre;Studio Fish
sans titre  ;clip vid‚o;1;2017;29/03/2017;29/03/2017;Grammont chƒteau;D/D production
Pr‚paration Physique;film institutionnel;1;2017;29/03/2017;29/03/2017;stade Phillipides;WZF production
clin d'?il;tournage ‚tudiant;1;2017;30/03/2017;30/03/2017;parc Sophie Desmarets;Lyc‚e Jean Monnet
FISE (20ans) interview;film institutionnel;1;2017;04/04/2017;04/04/2017;espace rock/berges du Lez;Hurricane Action sports
Marilou-Lao-Delta;clip vid‚o;2;2017;08/04/2017;09/04/2017;quartier Figuerroles;Assoc La Cabane
Heresie;tournage ‚tudiant;1;2017;08/04/2017;08/04/2017;zoo;HEAD ‚cole suisse
Correspondances;documentaire;1;2017;08/04/2017;08/04/2017;march‚ Plan Cabannes;AUM Fims
Blah Blah;clip vid‚o;1;2017;08/04/2017;08/04/2017;Peyrou;Picto Gram Studio
ALSTOM;film institutionnel;1;2017;20/04/2017;21/04/2017;tramway/gare;planimonteur
La Rencontre;tournage ‚tudiant;1;2017;21/04/2017;22/04/2017;CV;Universit‚ Aix-Marseille   M. Satis
Collecte verre & d‚chets;film institutionnel;1;2017;24/04/2017;27/04/2017;CV;Montpellier 3M
Des jours plus simples;tournage ‚tudiant;2;2017;27/04/2017;28/04/2017;CV;ENS Louis LumiŠre
La partition;tournage ‚tudiant;1;2017;29/04/2017;29/04/2017;Esplanade Charles De Gaulle;
groupe rap (sans titre);clip vid‚o;1;2017;29/03/2017;05/05/2017;Grammont chƒteau;D/D production
ARENA;publicit‚;1;2017;07/05/2017;07/05/2017;piscine Olympique;
snas titre;shooting photos;1;2017;12/05/2017;12/05/2017;piscine Amphitrite;
sans titre;tournage ‚tudiant;0.50;2017;15/05/2017;15/05/2017;M‚diath‚que Emile Zola;Fac Paul Val‚ry
FISE (20ans );clip vid‚o;1;2017;20/05/2017;20/05/2017;Peyrou;SAS HURRICANE
La Diligence ;publicit‚;1;2017;29/05/2017;29/05/2017;CV;BlackSea Production
The Stranger ;court-m‚trage;1;2017;05/06/2017;05/06/2017;CV;Creative England Limit
APNEE;documentaire;1;2017;09/06/2017;12/06/2017;Piscine Olympique;
WHY;long-m‚trage;4;2017;12/06/2017;18/06/2017;op‚ra +CV;Gblack production
MANUELLA;clip vid‚o;1;2017;11/06/2017;12/06/2017;Jean Vilar;DIAZ manager
UBISOFT;publicit‚;1;2017;20/06/2017;20/06/2017;stade de la mosson;Satellite Multim‚dia
Movement never lies;clip vid‚o;3;2017;21/06/2017;30/06/2017;grande halle/EAI;
Le Grand Nulle Part;court-m‚trage;3;2017;26/06/2017;30/06/2017;parc M‚ric;KALEO
Bienvenue … l'H“tel;emission TV;2;2017;05/07/2017;07/07/2017;h“tel rue Baudin;COYOTTE production
VTPO31;film institutionnel;2;2017;08/07/2017;09/07/2017;r‚seau tram/bus;
Penchants d'Orphelins;court-m‚trage;1;2017;15/07/2017;15/07/2017;rue de l'amandier;
Demo Wolf 2017;court-m‚trage;1;2017;21/07/2017;21/07/2017;toit Corum/Parc Charpak;CINTURIWOLF
Mon enfant cet Etranger;documentaire;2;2017;18/07/2017;23/07/2017;MPT L‚o Lagrange;Zadig Production
MONIKA: Ame de Feu;court-m‚trage;2;2017;25/07/2017;26/07/2017;MRI;Collectif Alba Am‚rique Latine Mtp
La Cit‚ Cr‚ative;shooting photos;1;2017;31/07/2017;31/07/2017;Com‚die;458 Studio
ALF&JOUB les 12 coups;clip vid‚o;2;2017;13/08/2017;13/08/2017; Bvd Sarrail/Peyrou/rue Aiguelongue/M‚diath‚que Centrale;
 RAYMAN/ UBISOFT;publicit‚;1;2017;25/08/2017;25/08/2017;stade de la Mosson;Satellite Multim‚dia
ORCHESTRA/Collec ‚t‚ 2018;publicit‚;1;2017;22/09/2017;22/09/2017;Rives du Lez;Group Orchestra Premaman
HURRICANE Action Sport/FISE;film institutionnel;1;2017;22/09/2017;22/09/2017;rue Ray Charles;Hurricane Action sports
C-Zam ;film institutionnel;1;2017;28/09/2017;28/09/2017;Place Eug‚ne Bataillon;Groupe Campus
SANGUINE;court-m‚trage;2;2017;30/09/2017;02/10/2017;parvis Mus‚e Fabre;Assoc Arts Fantastiques
TRACKDOWN;tournage ‚tudiant;1;2017;05/10/2017;05/10/2017;Zoo;ARTFX
PRIVATE SPORT SHOP;publicit‚;1;2017;05/10/2017;05/10/2017;Piscine Olympique;Toscane Production
TERRA NOVA;tournage ‚tudiant;1;2017;05/10/2017;05/10/2017;op‚ra com‚die;ARTFX
LES SOUVERAINS;web s‚rie;2;2017;08/10/2017;10/10/2017;toit Corum/Antigone;Assoc
Penchants d'Orphelins;court-m‚trage;1;2017;14/10/2017;14/10/2017;rue de l'Amandier;
The VOLUNTEERS;tournage ‚tudiant;1;2017;24/10/2017;24/10/2017;BIOMASSE;ARTFX
RENAULT MASTER  ZE;publicit‚;3;2017;23/10/2017;27/10/2017;quartier Millenaire;CONTISUD Production
"la famille ""l'intimit‚""";documentaire;1;2017;26/10/2017;26/10/2017;EAI;Grand cr‚me Production
La corde Mythique;documentaire;1;2017;30/10/2017;30/10/2017;Parvis Gare;Auto-production
TAM (vues a‚riennes);film institutionnel;3;2017;27/10/2017;29/10/2017;EV + M‚tro;Dronear‚a Prod
l'INVINSIBLE;court-m‚trage;3;2017;31/10/2017;04/11/2017;peyrou/Albert 1er/EV;Auto-production
LA REGION m‚tiers des agents;film institutionnel;1;2017;16/11/2017;16/11/2017;Antigone;French Kiss production
OLLY JENKIS;clip vid‚o;2;2017;08/11/2017;15/11/2017;Jean Villar;Auto-production
RESEAU d'ENQUETE;emission TV;2;2017;16/11/2017;17/11/2017;EV/Grammont/bois de Montmaur;Grand Angle Prod
ORCHESTRA;shooting photos;1;2017;18/11/2017;18/11/2017;bassin J.Coeur;DILO TV Prod
LE MEILLEUR PATISSIER;emission TV;1;2017;20/11/2017;20/11/2017;Esplanade;BBBCworld wide FR
CONCEPT-CAR;film institutionnel;6;2017;18/11/2017;25/11/2017;Quartier Millenaire;Arva Image Production
Vid‚o EXPO Joelle Chartrel;tournage ‚tudiant;1;2017;22/11/2017;22/11/2017;MPT Marcel Pagnol;ESJ Pro
Assoc Monome Fac de Pharma;Flash-mob;1;2017;25/11/2017;25/11/2017;Peyrou;Art Cam Production
Iterview Mme NOELLE;emission TV;1;2017;30/11/2017;30/11/2017;M‚diath‚que Emile Zola;FR.TV journal de 13h FR2
;clip vid‚o;1;2017;01/12/2017;01/12/2017;;
Magasine  O SUD;emission TV;2;2017;01/12/2017;02/12/2017;EV;Grand Angle Production
Good News Gospel 34;clip vid‚o;1;2017;02/12/2017;02/12/2017;MPT L‚o Lagrange;assoc
Candice Renoir;s‚rie TV;5;2017;04/12/2017;08/12/2017;institut Botannique;BOXEUR 7
groupement Bancaire;publicit‚;1;2017;08/12/2017;08/12/2017;Av. Raymond Dugrand;LISALOU Group
Montpellier Business school;film institutionnel;1;2017;15/12/2017;15/12/2017;Esplanade de l'europe;‚cole de journalisme
LE POULAIN;long-m‚trage;18;2017;18/09/2017;27/10/2017;EV +M‚tro;Pyramide Productions
TANDEM;s‚rie TV;60;2017;01/06/2017;13/12/2017;EV +M‚tro;DEMD Production
